-- 店番マスター
INSERT INTO T_BANK_BRANCH (BRANCH_ID, BRANCH_NAME, CREATE_DATE, CREATE_USER) VALUES ('1', 'BRANCH_NAME_1', '2000-01-01 12:00:00.000', 'CREATE__1');
INSERT INTO T_BANK_BRANCH (BRANCH_ID, BRANCH_NAME, CREATE_DATE, CREATE_USER) VALUES ('2', 'BRANCH_NAME_2', '2000-01-02 12:00:00.000', 'CREATE__2');
INSERT INTO T_BANK_BRANCH (BRANCH_ID, BRANCH_NAME, CREATE_DATE, CREATE_USER) VALUES ('3', 'BRANCH_NAME_3', '2000-01-03 12:00:00.000', 'CREATE__3');
INSERT INTO T_BANK_BRANCH (BRANCH_ID, BRANCH_NAME, CREATE_DATE, CREATE_USER) VALUES ('4', 'BRANCH_NAME_4', '2000-01-04 12:00:00.000', 'CREATE__4');
INSERT INTO T_BANK_BRANCH (BRANCH_ID, BRANCH_NAME, CREATE_DATE, CREATE_USER) VALUES ('5', 'BRANCH_NAME_5', '2000-01-05 12:00:00.000', 'CREATE__5');


-- 年齢制限テーブル
INSERT INTO T_AGE_CONSTRAINT (AGE_CONST_ID, AGE_CONST_DATE, CREATE_DATE, CREATE_USER) VALUES ('AG_1', '1', '2000-01-01 12:00:00.000', 'CREATE__1');
INSERT INTO T_AGE_CONSTRAINT (AGE_CONST_ID, AGE_CONST_DATE, CREATE_DATE, CREATE_USER) VALUES ('AG_2', '2', '2000-01-02 12:00:00.000', 'CREATE__2');
INSERT INTO T_AGE_CONSTRAINT (AGE_CONST_ID, AGE_CONST_DATE, CREATE_DATE, CREATE_USER) VALUES ('AG_3', '3', '2000-01-03 12:00:00.000', 'CREATE__3');
INSERT INTO T_AGE_CONSTRAINT (AGE_CONST_ID, AGE_CONST_DATE, CREATE_DATE, CREATE_USER) VALUES ('AG_4', '4', '2000-01-04 12:00:00.000', 'CREATE__4');
INSERT INTO T_AGE_CONSTRAINT (AGE_CONST_ID, AGE_CONST_DATE, CREATE_DATE, CREATE_USER) VALUES ('AG_5', '5', '2000-01-05 12:00:00.000', 'CREATE__5');


-- 利用者マスタ
INSERT INTO T_USER (USER_ID, USER_PW, USER_BIRTHDAY, ACCOUNT_NO, CREATE_DATE, CREATE_USER, SUBJECT_ID, BRANCH_ID) VALUES ('USER_ID_1', 'USER_PW_1', 'USER_BI_1', '1', '2000-01-01 12:00:00.000', 'CREATE__1', '1', '1');
INSERT INTO T_USER (USER_ID, USER_PW, USER_BIRTHDAY, ACCOUNT_NO, CREATE_DATE, CREATE_USER, SUBJECT_ID, BRANCH_ID) VALUES ('USER_ID_2', 'USER_PW_2', 'USER_BI_2', '2', '2000-01-02 12:00:00.000', 'CREATE__2', '2', '2');
INSERT INTO T_USER (USER_ID, USER_PW, USER_BIRTHDAY, ACCOUNT_NO, CREATE_DATE, CREATE_USER, SUBJECT_ID, BRANCH_ID) VALUES ('USER_ID_3', 'USER_PW_3', 'USER_BI_3', '3', '2000-01-03 12:00:00.000', 'CREATE__3', '3', '3');
INSERT INTO T_USER (USER_ID, USER_PW, USER_BIRTHDAY, ACCOUNT_NO, CREATE_DATE, CREATE_USER, SUBJECT_ID, BRANCH_ID) VALUES ('USER_ID_4', 'USER_PW_4', 'USER_BI_4', '4', '2000-01-04 12:00:00.000', 'CREATE__4', '4', '4');
INSERT INTO T_USER (USER_ID, USER_PW, USER_BIRTHDAY, ACCOUNT_NO, CREATE_DATE, CREATE_USER, SUBJECT_ID, BRANCH_ID) VALUES ('USER_ID_5', 'USER_PW_5', 'USER_BI_5', '5', '2000-01-05 12:00:00.000', 'CREATE__5', '5', '5');


-- 科目テーブル
INSERT INTO T_SUBJECT (SUBJECT_ID, SUBJECT_NAME, CREATE_DATE, CREATE_USER) VALUES ('1', '1', '2000-01-01 12:00:00.000', 'CREATE__1');
INSERT INTO T_SUBJECT (SUBJECT_ID, SUBJECT_NAME, CREATE_DATE, CREATE_USER) VALUES ('2', '2', '2000-01-02 12:00:00.000', 'CREATE__2');
INSERT INTO T_SUBJECT (SUBJECT_ID, SUBJECT_NAME, CREATE_DATE, CREATE_USER) VALUES ('3', '3', '2000-01-03 12:00:00.000', 'CREATE__3');
INSERT INTO T_SUBJECT (SUBJECT_ID, SUBJECT_NAME, CREATE_DATE, CREATE_USER) VALUES ('4', '4', '2000-01-04 12:00:00.000', 'CREATE__4');
INSERT INTO T_SUBJECT (SUBJECT_ID, SUBJECT_NAME, CREATE_DATE, CREATE_USER) VALUES ('5', '5', '2000-01-05 12:00:00.000', 'CREATE__5');


